{"cameraMode":{"drawMode":0,"name":"Shaded","section":"Shading Mode"},"sceneLighting":false,"audioPlay":false,"sceneViewState":{"m_AlwaysRefresh":true,"showFog":true,"showSkybox":false,"showFlares":true,"showImageEffects":true,"showParticleSystems":true,"showVisualEffectGraphs":true,"m_FxEnabled":true},"in2DMode":false,"pivot":{"x":1.0969948768615723,"y":5.5739641189575199,"z":-3.3533458709716799},"rotation":{"x":-0.0002881850814446807,"y":-0.9990220069885254,"z":-0.012600922025740147,"w":0.04496832191944122},"size":5.066025733947754,"orthographic":false}