{"cameraMode":{"drawMode":0,"name":"Shaded","section":"Shading Mode"},"sceneLighting":false,"audioPlay":false,"sceneViewState":{"m_AlwaysRefresh":true,"showFog":true,"showSkybox":false,"showFlares":true,"showImageEffects":true,"showParticleSystems":true,"showVisualEffectGraphs":true,"m_FxEnabled":true},"in2DMode":false,"pivot":{"x":0.5839999914169312,"y":1.2139999866485596,"z":1.8220000267028809},"rotation":{"x":0.16118399798870088,"y":0.7978200912475586,"z":-0.24201342463493348,"w":0.5289936065673828},"size":5.107395172119141,"orthographic":false}