{"cameraMode":{"drawMode":0,"name":"Shaded","section":"Shading Mode"},"sceneLighting":false,"audioPlay":false,"sceneViewState":{"m_AlwaysRefresh":true,"showFog":true,"showSkybox":false,"showFlares":true,"showImageEffects":true,"showParticleSystems":true,"showVisualEffectGraphs":true,"m_FxEnabled":true},"in2DMode":false,"pivot":{"x":91.37461853027344,"y":-18.15341567993164,"z":65.65975952148438},"rotation":{"x":0.026398850604891778,"y":0.002673887414857745,"z":-0.000375312112737447,"w":0.9997638463973999},"size":109.81153869628906,"orthographic":false}