{"cameraMode":{"drawMode":0,"name":"Shaded","section":"Shading Mode"},"sceneLighting":true,"audioPlay":false,"sceneViewState":{"m_AlwaysRefresh":true,"showFog":true,"showSkybox":true,"showFlares":true,"showImageEffects":true,"showParticleSystems":true,"showVisualEffectGraphs":true,"m_FxEnabled":true},"in2DMode":false,"pivot":{"x":20.953519821166993,"y":3.6739044189453127,"z":88.84076690673828},"rotation":{"x":0.07368030399084091,"y":0.5891809463500977,"z":-0.053099919110536578,"w":0.8034647703170776},"size":36.778648376464847,"orthographic":false}